path	baseline_state	source_records	current_consumer_evidence	disposition
.agents/skills	MISSING_AT_BASE	refs/reclaimed/20260911/card/CapsWriter-Offline-with-AI-20260904-01.untracked@5bc58eef60c933cd11ce4d6ed7c975b0d92cc322=MISSING refs/reclaimed/20261001/card/CapsWriter-Offline-with-AI-261001-samples-total.untracked@0eb3ddc90bdf2c9537c9e106e52c689a08216c0f=MISSING refs/reclaimed/20261001/card/http-e1-owner-261001.untracked@60a9afe519d88a4cd8c6df45d3dbe6b151571eec=MISSING refs/reclaimed/20261001/card/http-e2-prereq-deps-261001.untracked@8da0a7c953c307c15a1f2bfa91940b998dac5d10=MISSING refs/reclaimed/20261001/card/http-e5-sdk-261001.untracked@80c50c4a94cdf4ab1c59b857bce69d16b4d89117=MISSING refs/reclaimed/20261001/card/token-final-contract-261001.untracked@048beac8f01f8f1035c8ca550df71a18b520f71e=MISSING refs/reclaimed/20261003/card/public-quality-260926.untracked@503fee62bfdd278bf865fd4e30359d42a13ed78d=MISSING refs/reclaimed/20261004/card/http-c2-fresh-review3-261004.untracked@f635f8f0164de13283c0d759603126d9b1ad33d4=MISSING refs/reclaimed/20261004/card/http-m7-credential-session-261004.untracked@41939845ae221370b19cab8fa523969a365f4702=MISSING refs/reclaimed/20261004/card/http-pr62-ready-primary-triage-261004.untracked@c71eb31163591457528c2f53a8675b641f678d9c=MISSING refs/reclaimed/20261004/card/http-pr64-primary-triage-261004.untracked@c8479d88b6fb8b6d684ec80681ae782b317a67f3=MISSING refs/reclaimed/20261005/card/ffmpeg-mandatory-lock-261005.untracked@a0735fc9bd75b26d63ca87ee275f0a31ec058f6e=MISSING refs/reclaimed/20261005/card/http-c2-current-main-funnel-261005.untracked@35fba69f637e10ef6db202fbb66a3616689c9fa6=MISSING refs/reclaimed/20261005/card/http-c2-merged-acceptance-261005.untracked@e1ff5bafa66d4aba6570564a53f3e8591d4af7b5=MISSING refs/reclaimed/20261005/card/http-fatal-probe-contract-fix-261005.untracked@e0f53b8c8764c45460b55beb2e90653299f29d9c=MISSING refs/reclaimed/20261005/card/http-fatal-probe-pr-delivery-261005.untracked@470b14a704a49c0831aeabe5be71c055188507b5=MISSING refs/reclaimed/20261005/card/http-m6-current-main-funnel-261005.untracked@b852b5b81927258e01767111d84d30f66037e119=MISSING refs/reclaimed/20261005/card/http-m6-merged-acceptance-261005.untracked@0b03145b921d574012b1218effbd2a0794c3e71f=MISSING refs/reclaimed/20261005/card/http-m7-current-main-funnel-261005.untracked@3d0097bb4887d6ad495c22c626a06992d3b2c568=MISSING refs/reclaimed/20261005/card/http-m7-final-three-platform-261005.untracked@8eefd82be118be00432aac7087bbd089f7e2161f=MISSING refs/reclaimed/20261005/card/http-m7-platform-prep-finish-261004.untracked@2f1723d3fa33395914ba485acd7c0619d49af012=MISSING refs/reclaimed/20261005/card/http-m7-scope-clarification-261005.untracked@1cf9f7b6a41d6f140b7e985ea29eb06ef6c14626=MISSING refs/reclaimed/20261005/card/http-pr62-canonical-risk-261005.untracked@10f914c3b5f6b7085fd5d889c1084897876f07ba=MISSING refs/reclaimed/20261005/card/http-pr64-canonical-risk-261005.untracked@614fb37239b94c4122e379c17adf1ba0a8db69a0=MISSING refs/reclaimed/20261005/card/issue57-design-evidence-261005.untracked@10d8d6d3e65c01246801ae1debb71ea31bdad761=MISSING refs/reclaimed/20261006/card/http-m6-bare-receipt-closeout-261005.untracked@d9d4f08967c9b343a169076141a8f5300e3cbe6c=MISSING refs/reclaimed/20261006/card/http-m6-five-round-matrix-261005.untracked@94dd446801f61d6a18314101baec59f09491c7a7=MISSING refs/reclaimed/20261006/card/http-m6-h2-final-delivery-261005.untracked@40b6e660e5e35bca35eca5498e60a7ab833cc8d9=MISSING	代理工具配置，非仓文档消费者	excluded-content-not-copied
.cursor/rules/00-delegate-executor.mdc	MISSING_AT_BASE	refs/reclaimed/20260911/card/CapsWriter-Offline-with-AI-20260904-01.untracked@5bc58eef60c933cd11ce4d6ed7c975b0d92cc322=MISSING refs/reclaimed/20261001/card/CapsWriter-Offline-with-AI-261001-samples-total.untracked@0eb3ddc90bdf2c9537c9e106e52c689a08216c0f=MISSING refs/reclaimed/20261001/card/http-e1-owner-261001.untracked@60a9afe519d88a4cd8c6df45d3dbe6b151571eec=MISSING refs/reclaimed/20261001/card/http-e2-prereq-deps-261001.untracked@8da0a7c953c307c15a1f2bfa91940b998dac5d10=MISSING refs/reclaimed/20261001/card/http-e5-sdk-261001.untracked@80c50c4a94cdf4ab1c59b857bce69d16b4d89117=MISSING refs/reclaimed/20261001/card/token-final-contract-261001.untracked@048beac8f01f8f1035c8ca550df71a18b520f71e=MISSING refs/reclaimed/20261003/card/public-quality-260926.untracked@503fee62bfdd278bf865fd4e30359d42a13ed78d=MISSING refs/reclaimed/20261004/card/http-c2-fresh-review3-261004.untracked@f635f8f0164de13283c0d759603126d9b1ad33d4=MISSING refs/reclaimed/20261004/card/http-m7-credential-session-261004.untracked@41939845ae221370b19cab8fa523969a365f4702=MISSING refs/reclaimed/20261004/card/http-pr62-ready-primary-triage-261004.untracked@c71eb31163591457528c2f53a8675b641f678d9c=MISSING refs/reclaimed/20261004/card/http-pr64-primary-triage-261004.untracked@c8479d88b6fb8b6d684ec80681ae782b317a67f3=MISSING refs/reclaimed/20261005/card/http-c2-current-main-funnel-261005.untracked@35fba69f637e10ef6db202fbb66a3616689c9fa6=MISSING refs/reclaimed/20261005/card/http-c2-merged-acceptance-261005.untracked@e1ff5bafa66d4aba6570564a53f3e8591d4af7b5=MISSING refs/reclaimed/20261005/card/http-fatal-probe-contract-fix-261005.untracked@e0f53b8c8764c45460b55beb2e90653299f29d9c=MISSING refs/reclaimed/20261005/card/http-fatal-probe-pr-delivery-261005.untracked@470b14a704a49c0831aeabe5be71c055188507b5=MISSING refs/reclaimed/20261005/card/http-m6-current-main-funnel-261005.untracked@b852b5b81927258e01767111d84d30f66037e119=MISSING refs/reclaimed/20261005/card/http-m6-merged-acceptance-261005.untracked@0b03145b921d574012b1218effbd2a0794c3e71f=MISSING refs/reclaimed/20261005/card/http-m7-current-main-funnel-261005.untracked@3d0097bb4887d6ad495c22c626a06992d3b2c568=MISSING refs/reclaimed/20261005/card/http-m7-final-three-platform-261005.untracked@8eefd82be118be00432aac7087bbd089f7e2161f=MISSING refs/reclaimed/20261005/card/http-m7-platform-prep-finish-261004.untracked@2f1723d3fa33395914ba485acd7c0619d49af012=MISSING refs/reclaimed/20261005/card/http-m7-scope-clarification-261005.untracked@1cf9f7b6a41d6f140b7e985ea29eb06ef6c14626=MISSING refs/reclaimed/20261005/card/http-pr62-canonical-risk-261005.untracked@10f914c3b5f6b7085fd5d889c1084897876f07ba=MISSING refs/reclaimed/20261005/card/http-pr64-canonical-risk-261005.untracked@614fb37239b94c4122e379c17adf1ba0a8db69a0=MISSING refs/reclaimed/20261006/card/http-m6-bare-receipt-closeout-261005.untracked@d9d4f08967c9b343a169076141a8f5300e3cbe6c=MISSING refs/reclaimed/20261006/card/http-m6-five-round-matrix-261005.untracked@94dd446801f61d6a18314101baec59f09491c7a7=MISSING refs/reclaimed/20261006/card/http-m6-h2-final-delivery-261005.untracked@40b6e660e5e35bca35eca5498e60a7ab833cc8d9=MISSING	代理工具配置，非仓文档消费者	excluded-content-not-copied
.devcontainer/devcontainer.json	MISSING_AT_BASE	refs/heads/card/public-quality-260926@44690dbb1def6ea8a5e679fea16388c6394f8f89=MISSING refs/reclaimed/20261003/card/public-quality-260926@44690dbb1def6ea8a5e679fea16388c6394f8f89=MISSING refs/reclaimed/20261003/card/public-quality-260926.untracked@503fee62bfdd278bf865fd4e30359d42a13ed78d=MISSING	旧开发 workspace 组合，当前 CI 不消费；无当前开发环境需求证据，不因文件缺失而恢复	not-restored-scope-decided
.github/workflows/gate-disposition.yml	EXISTS_AT_BASE(815580732122)	refs/heads/card/public-quality-260926@44690dbb1def6ea8a5e679fea16388c6394f8f89=EXISTS_DIFF_BLOB refs/reclaimed/20261002/card/gate-disposition-caller-261002.reflog/99f6f10d4f20@99f6f10d4f20dbd0fd69d2a36cca1a992536d2c4=EXISTS_DIFF_BLOB refs/reclaimed/20261003/card/public-quality-260926@44690dbb1def6ea8a5e679fea16388c6394f8f89=EXISTS_DIFF_BLOB refs/reclaimed/20261003/card/public-quality-260926.untracked@503fee62bfdd278bf865fd4e30359d42a13ed78d=REF_NO_PATH	基线已有同名 workflow，内容以基线为准	superseded-in-baseline
.github/workflows/gate-shadow.yml	MISSING_AT_BASE	refs/heads/card/public-quality-260926@44690dbb1def6ea8a5e679fea16388c6394f8f89=MISSING refs/reclaimed/20261003/card/public-quality-260926@44690dbb1def6ea8a5e679fea16388c6394f8f89=MISSING refs/reclaimed/20261003/card/public-quality-260926.untracked@503fee62bfdd278bf865fd4e30359d42a13ed78d=MISSING	独立 shadow caller，与基线 .github/workflows/gate.yml（Required Gate v2 caller）不等价；无现行需求证据	not-restored-scope-decided
.github/workflows/gate.yml	EXISTS_AT_BASE(6343d1f6fecf)	refs/heads/card/public-quality-260926@44690dbb1def6ea8a5e679fea16388c6394f8f89=EXISTS_DIFF_BLOB refs/reclaimed/20261003/card/public-quality-260926@44690dbb1def6ea8a5e679fea16388c6394f8f89=EXISTS_DIFF_BLOB refs/reclaimed/20261003/card/public-quality-260926.untracked@503fee62bfdd278bf865fd4e30359d42a13ed78d=REF_NO_PATH	基线为现行 Required Gate v2 workflow，与旧 shadow caller 不等价	superseded-in-baseline
GEMINI.md	MISSING_AT_BASE	refs/reclaimed/20261005/card/ffmpeg-mandatory-lock-261005.untracked@a0735fc9bd75b26d63ca87ee275f0a31ec058f6e=MISSING refs/reclaimed/20261005/card/issue57-design-evidence-261005.untracked@10d8d6d3e65c01246801ae1debb71ea31bdad761=MISSING	代理工具配置，非仓文档消费者	excluded-content-not-copied
core/server/http_file_runner.py	EXISTS_AT_BASE(088e891e4e4d)	refs/heads/card/http-e3-record-261002@0b416fe64f756ab024ec960f2d5e9a8998d9a6aa=EXISTS_DIFF_BLOB refs/heads/card/http-e3-review-261002@f454103b3fb98614625c08b3271ca503a28469e2=EXISTS_DIFF_BLOB refs/heads/card/http-e3-review-f-261002@dff79bbd36d6364bcb5fc39521df4505169dd349=EXISTS_DIFF_BLOB refs/heads/card/http-e3-review-g-261002@d388e6be77d602af0f72e67d5e499a5b9768df37=EXISTS_DIFF_BLOB refs/reclaimed/20261003/card/http-e3-runner-261002@6e5b1e2eebc36a6b877396d4fe9dda39ef9651b1=EXISTS_SAME_BLOB refs/reclaimed/20261003/card/http-e3-runner-261002.untracked@54e57ce6184b744f45f9d0f55d3ee3cbbf021b38=REF_NO_PATH	基线已有同路径的更新版本，历史版本内容与基线不同；不合并历史版本，只登记来源	superseded-in-baseline
docs/archive/maintainers/github-fork-backup.md	MISSING_AT_BASE	refs/heads/card/fork-backup-260926@393f3f5c585dce4fa07538d9309871ee28c11388=MISSING refs/heads/card/fork-refresh-verdict-260926@1807d3c7cac2ce9467bc743c1b4996764a4517a1=MISSING refs/reclaimed/20261003/card/fork-backup-260926@393f3f5c585dce4fa07538d9309871ee28c11388=MISSING refs/reclaimed/20261003/card/fork-refresh-verdict-260926@1807d3c7cac2ce9467bc743c1b4996764a4517a1=MISSING	旧 fork 备份维护记录；基线 docs/archive/ 下无此路径	archive-pointer-old-process
docs/archive/sessions/20260926-docs-layout/reviews/layout-verdict.md	EXISTS_AT_BASE(ea3fcad9546f)	refs/reclaimed/20260926/card/docs-layout-review-260926@352cdc03ca3b169e782c8d740d762a8f8eec7950=EXISTS_SAME_BLOB refs/reclaimed/card/docs-layout-review-260926@352cdc03ca3b169e782c8d740d762a8f8eec7950=EXISTS_SAME_BLOB	内容已逐 blob 存在于基线树；同 blob 只证明内容在底座，不证明具体合并方式	content-in-baseline-no-action
docs/development/known-issues/capswriter-ws-tail-truncation.md	MISSING_AT_BASE	refs/heads/card/CapsWriter-261001-trunc-issue@7a3693f0a091c7b5ab18eec4b49d009487408faa=MISSING	旧 known-issue 记录；是否仍成立不属本卡判定范围	archive-pointer-old-process
docs/development/known-issues/token-text-alignment-request.md	MISSING_AT_BASE	refs/heads/card/CapsWriter-261001-proto-req@2115c5ac6bc08a0fca9d40c947e22edd263386bf=MISSING	旧对齐意见来源文档；现行分级见基线 design.md:26 的 P2 保留	archive-pointer-old-process
docs/sessions/20260926-public-gate/design.md	MISSING_AT_BASE	refs/heads/card/public-quality-260926@44690dbb1def6ea8a5e679fea16388c6394f8f89=MISSING refs/reclaimed/20261003/card/public-quality-260926@44690dbb1def6ea8a5e679fea16388c6394f8f89=MISSING refs/reclaimed/20261003/card/public-quality-260926.untracked@503fee62bfdd278bf865fd4e30359d42a13ed78d=MISSING	旧 gate 方案设计记录，非现行接入要求	archive-pointer-old-process
docs/sessions/20260926-public-gate/progress/onboarding-progress.md	MISSING_AT_BASE	refs/heads/card/public-quality-260926@44690dbb1def6ea8a5e679fea16388c6394f8f89=MISSING refs/reclaimed/20261003/card/public-quality-260926@44690dbb1def6ea8a5e679fea16388c6394f8f89=MISSING refs/reclaimed/20261003/card/public-quality-260926.untracked@503fee62bfdd278bf865fd4e30359d42a13ed78d=MISSING	基线树全仓无引用（git grep -F 计 0 命中，见 known-issues 文档「判据与对照」）	archive-pointer-old-process
docs/sessions/20260926-public-gate/progress/quality-entry-progress.md	MISSING_AT_BASE	refs/heads/card/public-quality-260926@44690dbb1def6ea8a5e679fea16388c6394f8f89=MISSING refs/reclaimed/20261003/card/public-quality-260926@44690dbb1def6ea8a5e679fea16388c6394f8f89=MISSING refs/reclaimed/20261003/card/public-quality-260926.untracked@503fee62bfdd278bf865fd4e30359d42a13ed78d=MISSING	基线树全仓无引用（git grep -F 计 0 命中，见 known-issues 文档「判据与对照」）	archive-pointer-old-process
docs/sessions/20260926-public-gate/reviews/fork-backup-refresh-verdict.md	MISSING_AT_BASE	refs/heads/card/fork-refresh-verdict-260926@1807d3c7cac2ce9467bc743c1b4996764a4517a1=MISSING refs/reclaimed/20261003/card/fork-refresh-verdict-260926@1807d3c7cac2ce9467bc743c1b4996764a4517a1=MISSING	基线树全仓无引用（git grep -F 计 0 命中，见 known-issues 文档「判据与对照」）	archive-pointer-old-process
docs/sessions/20260926-public-gate/reviews/onboarding-verdict.md	MISSING_AT_BASE	refs/heads/card/public-quality-260926@44690dbb1def6ea8a5e679fea16388c6394f8f89=MISSING refs/reclaimed/20261003/card/public-quality-260926@44690dbb1def6ea8a5e679fea16388c6394f8f89=MISSING refs/reclaimed/20261003/card/public-quality-260926.untracked@503fee62bfdd278bf865fd4e30359d42a13ed78d=MISSING	基线树全仓无引用（git grep -F 计 0 命中，见 known-issues 文档「判据与对照」）	archive-pointer-old-process
docs/sessions/260926-asr-server/progress/T11b-v2-wiring-progress.md	MISSING_AT_BASE	refs/heads/backup/t11b-before-ownership-rebuild@4d770e3eb254c913653e398d162c32dba2fe49cf=MISSING	基线树全仓无引用（git grep -F 计 0 命中，见 known-issues 文档「判据与对照」）	archive-pointer-old-process
docs/sessions/260930-http-file/reviews/eng-outside-verdict.md	MISSING_AT_BASE	refs/heads/card/http-eng-outside-260930@69bee18d0c6d225bd4b0e472bc3ada97bd7fa543=MISSING	基线 docs/sessions/261001-http-files/design.md:5 只泛称「独立规划终审历史没有完整覆盖」，未点名本文件；关联未证实，如实标注，不当当前缺陷	archive-pointer-association-unverified
docs/sessions/261001-http-files/reviews/E1-combination-verification.md	MISSING_AT_BASE	refs/heads/card/http-e1-combination-261001@8c9c0acd698e39df6e11a278563b2eb021a74b5e=MISSING	基线树全仓无引用（git grep -F 计 0 命中，见 known-issues 文档「判据与对照」）	archive-pointer-old-process
docs/sessions/261001-http-files/reviews/E1-owner-review-A-verdict.md	MISSING_AT_BASE	refs/heads/card/http-e1-review-a-261001@d52f8687cb2ed90114547674d84875244576126e=MISSING	当前 design.md（基线 docs/sessions/261001-http-files/design.md:24,26）保留其 PCM 量化 P2 分级与量化契约；该 verdict 是该保留结论的历史证据，见 artifact-history-appendix.md	archive-pointer-current-dependency
docs/sessions/261001-http-files/reviews/E1-owner-review-B-verdict.md	MISSING_AT_BASE	refs/heads/card/http-e1-review-b-261001@5b180d9d6642e17de9222ed1158223ce02740d83=MISSING	基线树全仓无引用（git grep -F 计 0 命中，见 known-issues 文档「判据与对照」）	archive-pointer-old-process
docs/sessions/261001-http-files/reviews/E2-final-accept-precheck-H5.md	MISSING_AT_BASE	refs/heads/card/http-e2-final-accept-precheck-h5-261002@e2f75a80602c5e1ccd2038a93fe6f3d0d3d5f298=MISSING	基线树全仓无引用（git grep -F 计 0 命中，见 known-issues 文档「判据与对照」）	archive-pointer-old-process
docs/sessions/261001-http-files/reviews/E2-final-accept-precheck.md	MISSING_AT_BASE	refs/heads/card/http-e2-final-accept-precheck-261001@36043f9942c8301f87b4d989c40d73797cc41229=MISSING	基线树全仓无引用（git grep -F 计 0 命中，见 known-issues 文档「判据与对照」）	archive-pointer-old-process
docs/sessions/261001-http-files/reviews/E2-gate-findings-evidence.md	MISSING_AT_BASE	refs/heads/card/http-e2-gate-evidence-261001@f8a7decc3bc5c1d2f8433ecbe330f0b3411f3c17=MISSING	基线树全仓无引用（git grep -F 计 0 命中，见 known-issues 文档「判据与对照」）	archive-pointer-old-process
docs/sessions/261001-http-files/reviews/E2-params-installed-consumer-verdict.md	MISSING_AT_BASE	refs/heads/card/http-e2-params-installed-review-261001@da9264df8c4540db915d82840127e8611f322918=MISSING	基线树全仓无引用（git grep -F 计 0 命中，见 known-issues 文档「判据与对照」）	archive-pointer-old-process
docs/sessions/261001-http-files/reviews/E2-params-prereq-review-verdict-safe.md	MISSING_AT_BASE	refs/heads/card/http-e2-params-verdict-safe-261001@aceb570c590d819c5b0e696d13717908e8435396=MISSING	基线树全仓无引用（git grep -F 计 0 命中，见 known-issues 文档「判据与对照」）	archive-pointer-old-process
docs/sessions/261001-http-files/reviews/E2-params-prereq-review-verdict.md	MISSING_AT_BASE	refs/heads/card/http-e2-params-review-261001@a67752ac9c885ddbfd33ea5ddc9f4e0c0dd383d6=MISSING	基线树全仓无引用（git grep -F 计 0 命中，见 known-issues 文档「判据与对照」）	archive-pointer-old-process
docs/sessions/261001-http-files/reviews/E2-prereq-accept-precheck.md	MISSING_AT_BASE	refs/heads/card/http-pr44-accept-precheck-261001@cbf0be38fa76ca877f3606c697a45c870e4eff05=MISSING	基线树全仓无引用（git grep -F 计 0 命中，见 known-issues 文档「判据与对照」）	archive-pointer-old-process
docs/sessions/261001-http-files/reviews/E2-prereq-combination-verdict.md	MISSING_AT_BASE	refs/heads/card/http-e2-prereq-combo-review-261001@70c2ead63e0610abaaac7f753003934cc9cde6db=MISSING	基线树全仓无引用（git grep -F 计 0 命中，见 known-issues 文档「判据与对照」）	archive-pointer-old-process
docs/sessions/261001-http-files/reviews/E2-prereq-review-verdict.md	MISSING_AT_BASE	refs/heads/card/http-e2-prereq-review-261001@42a9b2e5c6cbde2de2b4877a28156cd99ee81c2f=MISSING	基线树全仓无引用（git grep -F 计 0 命中，见 known-issues 文档「判据与对照」）	archive-pointer-old-process
docs/sessions/261001-http-files/reviews/E2-upload-review-A-verdict.md	MISSING_AT_BASE	refs/heads/card/http-e2-review-a-261001@90bc06ccd442cb13c7a759e57b815c35d9d2118b=MISSING	基线树全仓无引用（git grep -F 计 0 命中，见 known-issues 文档「判据与对照」）	archive-pointer-old-process
docs/sessions/261001-http-files/reviews/E2-upload-review-B-verdict.md	MISSING_AT_BASE	refs/heads/card/http-e2-review-b-261001@f60ee8a70e5bfc52100573a39efbdb6783eb42f3=MISSING	基线树全仓无引用（git grep -F 计 0 命中，见 known-issues 文档「判据与对照」）	archive-pointer-old-process
docs/sessions/261001-http-files/reviews/E2-upload-review-C-verdict.md	MISSING_AT_BASE	refs/heads/card/http-e2-review-c-261001@560ca94c779a5476bb0edb08f406e5d2863ef025=MISSING	基线树全仓无引用（git grep -F 计 0 命中，见 known-issues 文档「判据与对照」）	archive-pointer-old-process
docs/sessions/261001-http-files/reviews/E2-upload-review-D-verdict.md	MISSING_AT_BASE	refs/heads/card/http-e2-review-d-261001@10b89e20bbf6c11d9e37ae9beced6384828b6c96=MISSING	基线树全仓无引用（git grep -F 计 0 命中，见 known-issues 文档「判据与对照」）	archive-pointer-old-process
docs/sessions/261001-http-files/reviews/E2-upload-review-E-verdict.md	MISSING_AT_BASE	refs/heads/card/http-e2-review-e-261002@9fe2c2dad05547adcb85721eb9d037938bc2b12d=MISSING	基线树全仓无引用（git grep -F 计 0 命中，见 known-issues 文档「判据与对照」）	archive-pointer-old-process
docs/sessions/261001-http-files/reviews/E2-upload-review-F-verdict.md	MISSING_AT_BASE	refs/heads/card/http-e2-review-f-261002@21fee6f23dd56b683991202d6c41b8f051e8d51c=MISSING	基线树全仓无引用（git grep -F 计 0 命中，见 known-issues 文档「判据与对照」）	archive-pointer-old-process
docs/sessions/261001-http-files/reviews/E3-runner-implementation-record.md	MISSING_AT_BASE	refs/heads/card/http-e3-record-261002@0b416fe64f756ab024ec960f2d5e9a8998d9a6aa=MISSING	基线树全仓无引用（git grep -F 计 0 命中，见 known-issues 文档「判据与对照」）	archive-pointer-old-process
docs/sessions/261001-http-files/reviews/E3-runner-review-F-verdict.md	MISSING_AT_BASE	refs/heads/card/http-e3-review-f-261002@dff79bbd36d6364bcb5fc39521df4505169dd349=MISSING	基线树全仓无引用（git grep -F 计 0 命中，见 known-issues 文档「判据与对照」）	archive-pointer-old-process
docs/sessions/261001-http-files/reviews/E3-runner-review-G-verdict.md	MISSING_AT_BASE	refs/heads/card/http-e3-review-g-261002@d388e6be77d602af0f72e67d5e499a5b9768df37=MISSING	基线树全仓无引用（git grep -F 计 0 命中，见 known-issues 文档「判据与对照」）	archive-pointer-old-process
docs/sessions/261001-http-files/reviews/E3-runner-review-verdict.md	MISSING_AT_BASE	refs/heads/card/http-e3-review-261002@f454103b3fb98614625c08b3271ca503a28469e2=MISSING	基线树全仓无引用（git grep -F 计 0 命中，见 known-issues 文档「判据与对照」）	archive-pointer-old-process
docs/sessions/261001-http-files/reviews/E5-sdk-review-A-verdict.md	MISSING_AT_BASE	refs/heads/card/http-e5-review-a-261001@b06887589a3e79d97ae2926b4a94b4779d479499=MISSING	基线树全仓无引用（git grep -F 计 0 命中，见 known-issues 文档「判据与对照」）	archive-pointer-old-process
docs/sessions/261001-http-files/reviews/E5-sdk-review-B-verdict.md	MISSING_AT_BASE	refs/heads/card/http-e5-review-b-261001@af00f6f0aedccbf4eb50022a23141a9b4525f489=MISSING	基线树全仓无引用（git grep -F 计 0 命中，见 known-issues 文档「判据与对照」）	archive-pointer-old-process
docs/sessions/261001-token-contract/deploy/production-verdict.md	MISSING_AT_BASE	refs/heads/card/token-contract-prod-deploy-261001@b3012f11861f509c09a2f6fae28d7f0d80287084=MISSING refs/heads/card/token-contract-segment-proof-261001@87ca4ba0d78472548c9fe8bbe86d761d16ced88d=MISSING	基线树全仓无引用（git grep -F 计 0 命中，见 known-issues 文档「判据与对照」）	archive-pointer-old-process
docs/sessions/261001-token-contract/deploy/segmentation-proof.md	MISSING_AT_BASE	refs/heads/card/token-contract-segment-proof-261001@87ca4ba0d78472548c9fe8bbe86d761d16ced88d=MISSING	基线树全仓无引用（git grep -F 计 0 命中，见 known-issues 文档「判据与对照」）	archive-pointer-old-process
docs/sessions/261001-token-contract/reviews/review-a-verdict.md	EXISTS_AT_BASE(83c84fc30a8f)	refs/heads/card/token-contract-review-a-261001@668be7c73ab2520c74f595b8cc39fc9a9182df05=EXISTS_SAME_BLOB	内容已逐 blob 存在于基线树；同 blob 只证明内容在底座，不证明具体合并方式	content-in-baseline-no-action
docs/sessions/261001-token-contract/reviews/review-b-verdict.md	MISSING_AT_BASE	refs/heads/card/token-contract-review-b-261001@4e81a89c04c6de78c4e4fc01385ec4c63104bc20=MISSING	基线树全仓无引用（git grep -F 计 0 命中，见 known-issues 文档「判据与对照」）	archive-pointer-old-process
docs/sessions/261003-http-completion/audit-history-sanitization.md	EXISTS_AT_BASE(afd960ac0ad5)	refs/heads/card/http-audit-history-sanitize-261005@8f650e067fabbe32af36aee308d9b9759a77b1a5=EXISTS_SAME_BLOB	内容已逐 blob 存在于基线树；同 blob 只证明内容在底座，不证明具体合并方式	content-in-baseline-no-action
docs/sessions/261003-http-completion/baseline-collection-isolation.md	MISSING_AT_BASE	refs/heads/card/http-baseline-collection-isolation-261005@6256bad127001690fa415d717aae6371ee466194=MISSING	基线树全仓无引用（git grep -F 计 0 命中，见 known-issues 文档「判据与对照」）	archive-pointer-old-process
docs/sessions/261003-http-completion/c1-merged-acceptance-evidence.md	EXISTS_AT_BASE(9619b2c3e5f7)	refs/reclaimed/20261004/card/http-m4-c1-formal-261003.reflog/b4515ab6d491@b4515ab6d491cf7dd11a7a3c50c33fafd4541137=EXISTS_DIFF_BLOB	基线已有同路径的更新版本，历史版本内容与基线不同；不合并历史版本，只登记来源	superseded-in-baseline
docs/sessions/261003-http-completion/c2-review1-evidence-archive.md	MISSING_AT_BASE	refs/reclaimed/20261004/card/http-c2-evidence-preserve-261004@1b8f61cf7462790f427ef0778435678ac42c1d95=MISSING	基线树全仓无引用（git grep -F 计 0 命中，见 known-issues 文档「判据与对照」）	archive-pointer-old-process
docs/sessions/261003-http-completion/c2-review1-publication-audit.md	MISSING_AT_BASE	refs/reclaimed/20261004/card/http-c2-publication-audit-261004@d1b68bb6477df780b9e15bdb9bb694e7fb03b45b=MISSING	基线树全仓无引用（git grep -F 计 0 命中，见 known-issues 文档「判据与对照」）	archive-pointer-old-process
docs/sessions/261003-http-completion/c2-review2-archive-permissions.md	MISSING_AT_BASE	refs/reclaimed/20261004/card/http-c2-review2-permissions-261004@6e7bf0816eb86e635dc3c501f6a54f1daa36cc5b=MISSING	基线树全仓无引用（git grep -F 计 0 命中，见 known-issues 文档「判据与对照」）	archive-pointer-old-process
docs/sessions/261003-http-completion/m4-plan.md	EXISTS_AT_BASE(9b6d547d799d)	refs/reclaimed/20261003/card/http-m4-plan-261003@7ab3551818f0e93549c18f4bd0c7da7b44d52b33=EXISTS_DIFF_BLOB refs/reclaimed/20261003/card/http-m4-plan-261003.untracked@ff0f2ddd4ac85c2652877a80ecec67dc40640cd5=REF_NO_PATH	基线已有同路径的更新版本，历史版本内容与基线不同；不合并历史版本，只登记来源	superseded-in-baseline
docs/sessions/261003-http-completion/m6-final-evidence-audit.md	MISSING_AT_BASE	refs/heads/card/http-m6-final-evidence-audit-261005@4565bfccc030ea9465e1e2971b497198dbfebeab=MISSING	基线 docs/sessions/261003-http-completion/m6-final-merged-acceptance.md 的完成结论冻结在 merge 796104c；本审计是 9024008 时点的历史否决，不能推翻也不能被回洗，见 appendix	archive-pointer-current-dependency
docs/sessions/261003-http-completion/m6-h1-hosted-artifact-evidence.md	EXISTS_AT_BASE(2bca89bebc61)	refs/heads/card/http-m6-h1-hosted-evidence-261005@0a46ac17d7da3612d7648ebbbc6b140834dac4bf=EXISTS_SAME_BLOB	内容已逐 blob 存在于基线树；同 blob 只证明内容在底座，不证明具体合并方式	content-in-baseline-no-action
docs/sessions/261003-http-completion/m6-h1-producer-boundaries-evidence.md	EXISTS_AT_BASE(5d3620dab638)	refs/heads/card/http-m6-h1-producer-boundaries-261005@42ce49d17a2a75fc589d328454d8ec83f3de4684=EXISTS_SAME_BLOB	内容已逐 blob 存在于基线树；同 blob 只证明内容在底座，不证明具体合并方式	content-in-baseline-no-action
docs/sessions/261003-http-completion/m6-h2-hosted-artifact-evidence.md	EXISTS_AT_BASE(6564eb0704c1)	refs/heads/card/http-m6-h2-hosted-evidence-261005@d3a9218373b74e1e2b95e9d755590904080ef567=EXISTS_SAME_BLOB	内容已逐 blob 存在于基线树；同 blob 只证明内容在底座，不证明具体合并方式	content-in-baseline-no-action
docs/sessions/261003-http-completion/m6-hosted-artifact-evidence.md	MISSING_AT_BASE	refs/heads/card/http-m6-hosted-artifact-evidence-261005@27cc3accf763333d64a4a3c7b1e7beafc4b46c93=MISSING	基线树全仓无引用（git grep -F 计 0 命中，见 known-issues 文档「判据与对照」）	archive-pointer-old-process
docs/sessions/261003-http-completion/m6-merged-acceptance-evidence.md	MISSING_AT_BASE	refs/reclaimed/20261005/card/http-m6-merged-acceptance-261005@06e335c37c663bb94aba32721ea0ccf2710e12f6=MISSING refs/reclaimed/20261005/card/http-m6-merged-acceptance-261005.reflog/2f8db604adf2@2f8db604adf206b6d75bdbf7ea9d3c317d2130f2=MISSING refs/reclaimed/20261005/card/http-m6-merged-acceptance-261005.untracked@0b03145b921d574012b1218effbd2a0794c3e71f=MISSING	基线树全仓无引用（git grep -F 计 0 命中，见 known-issues 文档「判据与对照」）	archive-pointer-old-process
docs/sessions/261003-http-completion/m6-proof-boundary-audit.md	EXISTS_AT_BASE(418a33c8daa1)	refs/heads/card/http-audit-history-sanitize-261005@8f650e067fabbe32af36aee308d9b9759a77b1a5=EXISTS_SAME_BLOB refs/heads/card/http-m6-proof-boundary-audit-261005@9425c36e640c12ed271be1a91d47917b6ab15db1=EXISTS_SAME_BLOB	内容已逐 blob 存在于基线树；同 blob 只证明内容在底座，不证明具体合并方式	content-in-baseline-no-action
docs/sessions/261003-http-completion/m7-cpu-model-smoke.md	MISSING_AT_BASE	refs/heads/card/http-m7-cpu-model-smoke-261004@ee2a4ee943363f8fa87e3f3f2fe3daf82f5bb4d9=MISSING	基线树全仓无引用（git grep -F 计 0 命中，见 known-issues 文档「判据与对照」）	archive-pointer-old-process
docs/sessions/261003-http-completion/m7-credential-session-audit.md	MISSING_AT_BASE	refs/reclaimed/20261004/card/http-m7-credential-session-261004@887014512f2e1ab7c455c450efd9c06586c8bba9=MISSING refs/reclaimed/20261004/card/http-m7-credential-session-261004.untracked@41939845ae221370b19cab8fa523969a365f4702=MISSING	基线树全仓无引用（git grep -F 计 0 命中，见 known-issues 文档「判据与对照」）	archive-pointer-old-process
docs/sessions/261003-http-completion/m7-current-main-funnel-evidence.md	EXISTS_AT_BASE(051fa41b7a58)	refs/reclaimed/20261005/card/http-m7-current-main-funnel-261005.reflog/f7e8e7e19bbb@f7e8e7e19bbbc103f78f2f2626000d55f3a07cbb=EXISTS_DIFF_BLOB	基线已有同路径的更新版本，历史版本内容与基线不同；不合并历史版本，只登记来源	superseded-in-baseline
docs/sessions/261003-http-completion/m7-final-three-platform-evidence.md	MISSING_AT_BASE	refs/heads/card/http-m7-final-three-platform-261005@f705b1546ac1663129c569dd44bb5955abe7060b=MISSING refs/heads/card/http-m7-unmeasured-261005@439a7cf927dc8d8663e264d761e48c8c6778decd=MISSING refs/reclaimed/20261005/card/http-m7-final-three-platform-261005@f705b1546ac1663129c569dd44bb5955abe7060b=MISSING refs/reclaimed/20261005/card/http-m7-final-three-platform-261005.untracked@8eefd82be118be00432aac7087bbd089f7e2161f=MISSING	基线树全仓无引用（git grep -F 计 0 命中，见 known-issues 文档「判据与对照」）	archive-pointer-old-process
docs/sessions/261003-http-completion/m7-platform-inventory.md	MISSING_AT_BASE	refs/reclaimed/20261004/card/http-m7-inventory-261003@d3db77ce4307a8806e56ca621bae3984b77ce66b=MISSING	基线树有 1 处提及（引用者见 known-issues 文档），但无文档链接到该历史路径；历史版本仅供追溯	archive-pointer-old-process
docs/sessions/261003-http-completion/m7-platform-prep-finish.md	MISSING_AT_BASE	refs/reclaimed/20261005/card/http-m7-platform-prep-finish-261004@42b9941355e5653ac990154ebcb6d51bbffad8e2=MISSING refs/reclaimed/20261005/card/http-m7-platform-prep-finish-261004.untracked@2f1723d3fa33395914ba485acd7c0619d49af012=MISSING	基线树全仓无引用（git grep -F 计 0 命中，见 known-issues 文档「判据与对照」）	archive-pointer-old-process
docs/sessions/261003-http-completion/m7-platform-prep.md	MISSING_AT_BASE	refs/heads/card/http-m7-platform-prep-261004@3b4c9190810a8f14eb28fba7848f590ce309126f=MISSING refs/heads/card/http-m7-prep-audit-261004@8c132f13627cb413a4d214b9a44f5a632ab9db61=MISSING refs/reclaimed/20261004/card/http-m7-credential-session-261004@887014512f2e1ab7c455c450efd9c06586c8bba9=MISSING refs/reclaimed/20261004/card/http-m7-credential-session-261004.untracked@41939845ae221370b19cab8fa523969a365f4702=MISSING	基线树全仓无引用（git grep -F 计 0 命中，见 known-issues 文档「判据与对照」）	archive-pointer-old-process
docs/sessions/261003-http-completion/m7-remaining-input-context.md	MISSING_AT_BASE	refs/heads/card/http-m7-input-context-261005@2247c91acd60212ba9d5a4c2f4f7b681e2a0b566=MISSING	基线树全仓无引用（git grep -F 计 0 命中，见 known-issues 文档「判据与对照」）	archive-pointer-old-process
docs/sessions/261003-http-completion/ocr-no-envelope-followup.md	EXISTS_AT_BASE(28bb3516c9fe)	refs/heads/card/http-ocr-no-envelope-followup-261005@318b089058c2f46fa6f74eedfc7fa54042cd20d0=EXISTS_SAME_BLOB	内容已逐 blob 存在于基线树；同 blob 只证明内容在底座，不证明具体合并方式	content-in-baseline-no-action
docs/sessions/261003-http-completion/pr62-ready-primary-triage.md	MISSING_AT_BASE	refs/reclaimed/20261004/card/http-pr62-ready-primary-triage-261004@d624cc720aae063fc96dd513253373328c415c1c=MISSING refs/reclaimed/20261004/card/http-pr62-ready-primary-triage-261004.untracked@c71eb31163591457528c2f53a8675b641f678d9c=MISSING	基线树全仓无引用（git grep -F 计 0 命中，见 known-issues 文档「判据与对照」）	archive-pointer-old-process
docs/sessions/261003-http-completion/pr64-primary-triage.md	MISSING_AT_BASE	refs/reclaimed/20261004/card/http-pr64-primary-triage-261004@f3c3436f75bae77932f2e4cc1e2fe5b4f1dd31c7=MISSING refs/reclaimed/20261004/card/http-pr64-primary-triage-261004.untracked@c8479d88b6fb8b6d684ec80681ae782b317a67f3=MISSING	基线树全仓无引用（git grep -F 计 0 命中，见 known-issues 文档「判据与对照」）	archive-pointer-old-process
docs/sessions/261003-http-completion/progress/c1-review1-progress.md	EXISTS_AT_BASE(2862235924ee)	refs/reclaimed/20261003/card/http-m4-c1-review1-261003.reflog/b05285a75203@b05285a752032efe9ad8d4d146488530f14910cb=EXISTS_SAME_BLOB	内容已逐 blob 存在于基线树；同 blob 只证明内容在底座，不证明具体合并方式	content-in-baseline-no-action
docs/sessions/261003-http-completion/progress/c2-fixed-review1-progress.md	MISSING_AT_BASE	refs/heads/card/http-m4-c2-fixed-review1-261004@72dec5260f4c7743d1d41729aa14d20099ca6b92=MISSING refs/reclaimed/20261004/card/http-c2-evidence-preserve-261004@1b8f61cf7462790f427ef0778435678ac42c1d95=MISSING refs/reclaimed/20261004/card/http-c2-publication-audit-261004@d1b68bb6477df780b9e15bdb9bb694e7fb03b45b=MISSING	基线树全仓无引用（git grep -F 计 0 命中，见 known-issues 文档「判据与对照」）	archive-pointer-old-process
docs/sessions/261003-http-completion/progress/c2-fixed-review2-progress.md	MISSING_AT_BASE	refs/reclaimed/20261004/card/http-c2-review2-permissions-261004@6e7bf0816eb86e635dc3c501f6a54f1daa36cc5b=MISSING refs/reclaimed/20261004/card/http-m4-c2-fixed-review2-261004@5c4b3e7a90ac7f9db39eb76e6966d461730b18c2=MISSING refs/reclaimed/20261004/card/http-m4-c2-fixed-review2-261004.untracked@38d286f1f73ef3d9c6bef1522f8f0c5df4e86db1=MISSING	基线树全仓无引用（git grep -F 计 0 命中，见 known-issues 文档「判据与对照」）	archive-pointer-old-process
docs/sessions/261003-http-completion/progress/c2-review1-evidence-archive-progress.md	MISSING_AT_BASE	refs/reclaimed/20261004/card/http-c2-evidence-preserve-261004@1b8f61cf7462790f427ef0778435678ac42c1d95=MISSING	基线树全仓无引用（git grep -F 计 0 命中，见 known-issues 文档「判据与对照」）	archive-pointer-old-process
docs/sessions/261003-http-completion/progress/c2-review1-publication-audit-progress.md	MISSING_AT_BASE	refs/reclaimed/20261004/card/http-c2-publication-audit-261004@d1b68bb6477df780b9e15bdb9bb694e7fb03b45b=MISSING	基线树全仓无引用（git grep -F 计 0 命中，见 known-issues 文档「判据与对照」）	archive-pointer-old-process
docs/sessions/261003-http-completion/progress/fix55-review2-progress.md	EXISTS_AT_BASE(e6c8670a41b6)	refs/reclaimed/20261003/card/http-fix55-review2-261003.reflog/487a481e890a@487a481e890a11b0045c2c0b7e0033d163814e51=EXISTS_SAME_BLOB	内容已逐 blob 存在于基线树；同 blob 只证明内容在底座，不证明具体合并方式	content-in-baseline-no-action
docs/sessions/261003-http-completion/progress/m4-plan-progress.md	EXISTS_AT_BASE(eae8afb6d4b0)	refs/reclaimed/20261003/card/http-m4-plan-261003@7ab3551818f0e93549c18f4bd0c7da7b44d52b33=EXISTS_SAME_BLOB refs/reclaimed/20261003/card/http-m4-plan-261003.untracked@ff0f2ddd4ac85c2652877a80ecec67dc40640cd5=REF_NO_PATH	基线已有同路径的更新版本，历史版本内容与基线不同；不合并历史版本，只登记来源	superseded-in-baseline
docs/sessions/261003-http-completion/progress/m6-merged-acceptance-progress.md	MISSING_AT_BASE	refs/reclaimed/20261005/card/http-m6-merged-acceptance-261005@06e335c37c663bb94aba32721ea0ccf2710e12f6=MISSING refs/reclaimed/20261005/card/http-m6-merged-acceptance-261005.reflog/2f8db604adf2@2f8db604adf206b6d75bdbf7ea9d3c317d2130f2=MISSING refs/reclaimed/20261005/card/http-m6-merged-acceptance-261005.untracked@0b03145b921d574012b1218effbd2a0794c3e71f=MISSING	基线树全仓无引用（git grep -F 计 0 命中，见 known-issues 文档「判据与对照」）	archive-pointer-old-process
docs/sessions/261003-http-completion/progress/m7-cpu-model-smoke-progress.md	MISSING_AT_BASE	refs/heads/card/http-m7-cpu-model-smoke-261004@ee2a4ee943363f8fa87e3f3f2fe3daf82f5bb4d9=MISSING	基线树全仓无引用（git grep -F 计 0 命中，见 known-issues 文档「判据与对照」）	archive-pointer-old-process
docs/sessions/261003-http-completion/progress/m7-credential-session-audit-progress.md	MISSING_AT_BASE	refs/reclaimed/20261004/card/http-m7-credential-session-261004@887014512f2e1ab7c455c450efd9c06586c8bba9=MISSING refs/reclaimed/20261004/card/http-m7-credential-session-261004.untracked@41939845ae221370b19cab8fa523969a365f4702=MISSING	基线树全仓无引用（git grep -F 计 0 命中，见 known-issues 文档「判据与对照」）	archive-pointer-old-process
docs/sessions/261003-http-completion/progress/m7-current-main-funnel-progress.md	EXISTS_AT_BASE(1220196f0214)	refs/reclaimed/20261005/card/http-m7-current-main-funnel-261005.reflog/f7e8e7e19bbb@f7e8e7e19bbbc103f78f2f2626000d55f3a07cbb=EXISTS_DIFF_BLOB	基线已有同路径的更新版本，历史版本内容与基线不同；不合并历史版本，只登记来源	superseded-in-baseline
docs/sessions/261003-http-completion/progress/m7-final-three-platform-progress.md	MISSING_AT_BASE	refs/heads/card/http-m7-final-three-platform-261005@f705b1546ac1663129c569dd44bb5955abe7060b=MISSING refs/heads/card/http-m7-unmeasured-261005@439a7cf927dc8d8663e264d761e48c8c6778decd=MISSING refs/reclaimed/20261005/card/http-m7-final-three-platform-261005@f705b1546ac1663129c569dd44bb5955abe7060b=MISSING refs/reclaimed/20261005/card/http-m7-final-three-platform-261005.untracked@8eefd82be118be00432aac7087bbd089f7e2161f=MISSING	基线树全仓无引用（git grep -F 计 0 命中，见 known-issues 文档「判据与对照」）	archive-pointer-old-process
docs/sessions/261003-http-completion/progress/m7-inventory-progress.md	MISSING_AT_BASE	refs/reclaimed/20261004/card/http-m7-inventory-261003@d3db77ce4307a8806e56ca621bae3984b77ce66b=MISSING	基线树全仓无引用（git grep -F 计 0 命中，见 known-issues 文档「判据与对照」）	archive-pointer-old-process
docs/sessions/261003-http-completion/progress/m7-platform-prep-audit-progress.md	MISSING_AT_BASE	refs/heads/card/http-m7-prep-audit-261004@8c132f13627cb413a4d214b9a44f5a632ab9db61=MISSING refs/reclaimed/20261004/card/http-m7-credential-session-261004@887014512f2e1ab7c455c450efd9c06586c8bba9=MISSING refs/reclaimed/20261004/card/http-m7-credential-session-261004.untracked@41939845ae221370b19cab8fa523969a365f4702=MISSING	基线树全仓无引用（git grep -F 计 0 命中，见 known-issues 文档「判据与对照」）	archive-pointer-old-process
docs/sessions/261003-http-completion/progress/m7-platform-prep-finish-progress.md	MISSING_AT_BASE	refs/reclaimed/20261005/card/http-m7-platform-prep-finish-261004@42b9941355e5653ac990154ebcb6d51bbffad8e2=MISSING refs/reclaimed/20261005/card/http-m7-platform-prep-finish-261004.untracked@2f1723d3fa33395914ba485acd7c0619d49af012=MISSING	基线树全仓无引用（git grep -F 计 0 命中，见 known-issues 文档「判据与对照」）	archive-pointer-old-process
docs/sessions/261003-http-completion/progress/m7-platform-prep-progress.md	MISSING_AT_BASE	refs/heads/card/http-m7-platform-prep-261004@3b4c9190810a8f14eb28fba7848f590ce309126f=MISSING refs/heads/card/http-m7-prep-audit-261004@8c132f13627cb413a4d214b9a44f5a632ab9db61=MISSING refs/reclaimed/20261004/card/http-m7-credential-session-261004@887014512f2e1ab7c455c450efd9c06586c8bba9=MISSING refs/reclaimed/20261004/card/http-m7-credential-session-261004.untracked@41939845ae221370b19cab8fa523969a365f4702=MISSING	基线树全仓无引用（git grep -F 计 0 命中，见 known-issues 文档「判据与对照」）	archive-pointer-old-process
docs/sessions/261003-http-completion/progress/pr62-ready-primary-triage-progress.md	MISSING_AT_BASE	refs/reclaimed/20261004/card/http-pr62-ready-primary-triage-261004@d624cc720aae063fc96dd513253373328c415c1c=MISSING refs/reclaimed/20261004/card/http-pr62-ready-primary-triage-261004.untracked@c71eb31163591457528c2f53a8675b641f678d9c=MISSING	基线树全仓无引用（git grep -F 计 0 命中，见 known-issues 文档「判据与对照」）	archive-pointer-old-process
docs/sessions/261003-http-completion/progress/pr64-primary-triage-progress.md	MISSING_AT_BASE	refs/reclaimed/20261004/card/http-pr64-primary-triage-261004@f3c3436f75bae77932f2e4cc1e2fe5b4f1dd31c7=MISSING refs/reclaimed/20261004/card/http-pr64-primary-triage-261004.untracked@c8479d88b6fb8b6d684ec80681ae782b317a67f3=MISSING	基线树全仓无引用（git grep -F 计 0 命中，见 known-issues 文档「判据与对照」）	archive-pointer-old-process
docs/sessions/261003-http-completion/progress/windows-http-integrity-fix-progress.md	MISSING_AT_BASE	refs/heads/card/http-baseline-collection-isolation-261005@6256bad127001690fa415d717aae6371ee466194=MISSING refs/heads/card/http-windows-combo-failure-diagnosis-261005@6f978349a26ab081745f174a56fa2c01ef08a277=MISSING refs/heads/card/http-windows-integrity-fix-261005@9e0dd6db68e30c2d9c109705957845aca7d77f03=MISSING refs/heads/card/http-windows-integrity-native-review-261005@2a6b76443f3abe95b9376b3ba9aa38b33688b1d4=MISSING refs/heads/card/http-windows-integrity-posix-review-261005@1776101eaab0b57daedc0457fc0deb4bda0a33f3=MISSING refs/heads/card/http-windows-integrity-pr-delivery-261005@fce9131a256a7a8e26a48a0c0882b81444f9ee59=MISSING refs/heads/card/http-windows-integrity-review1-261005@6cb69885606a4012d9ea0c6a54c3ec7fba963c5b=MISSING	PR #82 交付中，本卡不复制	in-flight-issue-82
docs/sessions/261003-http-completion/review2-history-sanitization.md	EXISTS_AT_BASE(8e25e79a9d86)	refs/heads/card/http-review2-history-sanitize-261005@757688f746d98b524073740de38988d44a1eb475=EXISTS_SAME_BLOB	内容已逐 blob 存在于基线树；同 blob 只证明内容在底座，不证明具体合并方式	content-in-baseline-no-action
docs/sessions/261003-http-completion/reviews/c1-review1-verdict.md	EXISTS_AT_BASE(a8d6a7f9198f)	refs/reclaimed/20261003/card/http-m4-c1-review1-261003.reflog/b05285a75203@b05285a752032efe9ad8d4d146488530f14910cb=EXISTS_DIFF_BLOB	基线已有同路径的更新版本，历史版本内容与基线不同；不合并历史版本，只登记来源	superseded-in-baseline
docs/sessions/261003-http-completion/reviews/c2-fixed-review1-verdict.md	MISSING_AT_BASE	refs/heads/card/http-m4-c2-fixed-review1-261004@72dec5260f4c7743d1d41729aa14d20099ca6b92=MISSING refs/reclaimed/20261004/card/http-c2-evidence-preserve-261004@1b8f61cf7462790f427ef0778435678ac42c1d95=MISSING refs/reclaimed/20261004/card/http-c2-publication-audit-261004@d1b68bb6477df780b9e15bdb9bb694e7fb03b45b=MISSING	基线树全仓无引用（git grep -F 计 0 命中，见 known-issues 文档「判据与对照」）	archive-pointer-old-process
docs/sessions/261003-http-completion/reviews/c2-fixed-review2-verdict.md	MISSING_AT_BASE	refs/reclaimed/20261004/card/http-c2-review2-permissions-261004@6e7bf0816eb86e635dc3c501f6a54f1daa36cc5b=MISSING refs/reclaimed/20261004/card/http-m4-c2-fixed-review2-261004@5c4b3e7a90ac7f9db39eb76e6966d461730b18c2=MISSING refs/reclaimed/20261004/card/http-m4-c2-fixed-review2-261004.untracked@38d286f1f73ef3d9c6bef1522f8f0c5df4e86db1=MISSING	基线树全仓无引用（git grep -F 计 0 命中，见 known-issues 文档「判据与对照」）	archive-pointer-old-process
docs/sessions/261003-http-completion/reviews/fatal-probe-contract-verdict.md	EXISTS_AT_BASE(528ab225e1d8)	refs/reclaimed/20261005/card/http-fatal-probe-review-261005.reflog/9276a0683c1b@9276a0683c1b4eb8f45b1ef31a77c22eb1faab02=EXISTS_DIFF_BLOB	基线已有同路径的更新版本，历史版本内容与基线不同；不合并历史版本，只登记来源	superseded-in-baseline
docs/sessions/261003-http-completion/reviews/fix55-review2-verdict.md	EXISTS_AT_BASE(d82ab7930247)	refs/reclaimed/20261003/card/http-fix55-review2-261003.reflog/487a481e890a@487a481e890a11b0045c2c0b7e0033d163814e51=EXISTS_DIFF_BLOB	基线已有同路径的更新版本，历史版本内容与基线不同；不合并历史版本，只登记来源	superseded-in-baseline
docs/sessions/261003-http-completion/reviews/m6-h1-full-review1-verdict.md	EXISTS_AT_BASE(001b976d1a7f)	refs/heads/card/http-m6-h1-full-review1-261005@aafb9ef2526cc0e70d73ff9bf77d3400e9a6c470=EXISTS_DIFF_BLOB	基线已有同路径的更新版本，历史版本内容与基线不同；不合并历史版本，只登记来源	superseded-in-baseline
docs/sessions/261003-http-completion/reviews/m6-h1-full-review2-verdict.md	EXISTS_AT_BASE(3ee49b30e796)	refs/heads/card/http-m6-h1-full-review2-261005@b3bc284aedece6c5ec67b457ae774262b61e2fd1=EXISTS_SAME_BLOB refs/heads/card/http-review2-history-sanitize-261005@757688f746d98b524073740de38988d44a1eb475=EXISTS_SAME_BLOB	内容已逐 blob 存在于基线树；同 blob 只证明内容在底座，不证明具体合并方式	content-in-baseline-no-action
docs/sessions/261003-http-completion/reviews/m6-h2-increment-verdict.md	EXISTS_AT_BASE(01934244f2e2)	refs/heads/card/http-m6-h2-increment-review-261005@c7e512e8adee373750a64ddc8046c15953de5389=EXISTS_SAME_BLOB	内容已逐 blob 存在于基线树；同 blob 只证明内容在底座，不证明具体合并方式	content-in-baseline-no-action
docs/sessions/261003-http-completion/reviews/m6-postfatal-verdict.md	MISSING_AT_BASE	refs/reclaimed/20261005/card/http-m6-postfatal-investigate-261005@c4bbdb38f04128e5d00c7dcff08b73696b686b67=MISSING refs/reclaimed/20261005/card/http-m6-postfatal-investigate-261005.untracked@6d4665359d5b1c7599de1c0db15e278ac94d0fa5=MISSING	基线树全仓无引用（git grep -F 计 0 命中，见 known-issues 文档「判据与对照」）	archive-pointer-old-process
docs/sessions/261003-http-completion/reviews/m6-repeat-matrix-increment-verdict.md	MISSING_AT_BASE	refs/heads/card/http-m6-matrix-increment-review-261005@1c566b54f88db8b047b42665118a32a681e969c5=MISSING	同上：过程增量审，非当前验收引用的 m6-h2-increment-verdict.md	archive-pointer-old-process
docs/sessions/261003-http-completion/reviews/m6-repeat-matrix-review1-verdict.md	MISSING_AT_BASE	refs/heads/card/http-m6-matrix-cold-review1-261005@03e8e48dd89f1fda14a72a467f5b8dc0546db09e=MISSING	当前 M6 验收所称 H1 两审 + H2 增量审是基线 reviews/ 下的 m6-h1-full-review1/2、m6-h2-increment 三份，与本过程 verdict 非同一文件	archive-pointer-old-process
docs/sessions/261003-http-completion/reviews/m7-platform-prep-verdict.md	MISSING_AT_BASE	refs/heads/card/http-m7-prep-audit-261004@8c132f13627cb413a4d214b9a44f5a632ab9db61=MISSING refs/reclaimed/20261004/card/http-m7-credential-session-261004@887014512f2e1ab7c455c450efd9c06586c8bba9=MISSING refs/reclaimed/20261004/card/http-m7-credential-session-261004.untracked@41939845ae221370b19cab8fa523969a365f4702=MISSING	基线树全仓无引用（git grep -F 计 0 命中，见 known-issues 文档「判据与对照」）	archive-pointer-old-process
docs/sessions/261003-http-completion/reviews/pr64-second-canonical-verdict.md	MISSING_AT_BASE	refs/heads/card/http-pr64-stereo-review-261005@b47fc0350c0a7d181a98646a32580a29828bb18d=MISSING	基线树全仓无引用（git grep -F 计 0 命中，见 known-issues 文档「判据与对照」）	archive-pointer-old-process
docs/sessions/261003-http-completion/reviews/windows-http-integrity-native-verdict.md	MISSING_AT_BASE	refs/heads/card/http-baseline-collection-isolation-261005@6256bad127001690fa415d717aae6371ee466194=MISSING refs/heads/card/http-windows-combo-failure-diagnosis-261005@6f978349a26ab081745f174a56fa2c01ef08a277=MISSING refs/heads/card/http-windows-integrity-native-review-261005@2a6b76443f3abe95b9376b3ba9aa38b33688b1d4=MISSING refs/heads/card/http-windows-integrity-pr-delivery-261005@fce9131a256a7a8e26a48a0c0882b81444f9ee59=MISSING	PR #82 交付中，本卡不复制	in-flight-issue-82
docs/sessions/261003-http-completion/reviews/windows-http-integrity-posix-verdict.md	MISSING_AT_BASE	refs/heads/card/http-baseline-collection-isolation-261005@6256bad127001690fa415d717aae6371ee466194=MISSING refs/heads/card/http-windows-combo-failure-diagnosis-261005@6f978349a26ab081745f174a56fa2c01ef08a277=MISSING refs/heads/card/http-windows-integrity-posix-review-261005@1776101eaab0b57daedc0457fc0deb4bda0a33f3=MISSING refs/heads/card/http-windows-integrity-pr-delivery-261005@fce9131a256a7a8e26a48a0c0882b81444f9ee59=MISSING	PR #82 交付中，本卡不复制	in-flight-issue-82
docs/sessions/261003-http-completion/reviews/windows-http-integrity-review1-verdict.md	MISSING_AT_BASE	refs/heads/card/http-baseline-collection-isolation-261005@6256bad127001690fa415d717aae6371ee466194=MISSING refs/heads/card/http-windows-combo-failure-diagnosis-261005@6f978349a26ab081745f174a56fa2c01ef08a277=MISSING refs/heads/card/http-windows-integrity-pr-delivery-261005@fce9131a256a7a8e26a48a0c0882b81444f9ee59=MISSING refs/heads/card/http-windows-integrity-review1-261005@6cb69885606a4012d9ea0c6a54c3ec7fba963c5b=MISSING	PR #82（head card/http-windows-integrity-pr-delivery-261005）交付中，本卡不复制、不当已解决	in-flight-issue-82
docs/sessions/261003-http-completion/windows-combo-failure-diagnosis.md	MISSING_AT_BASE	refs/heads/card/http-windows-combo-failure-diagnosis-261005@6f978349a26ab081745f174a56fa2c01ef08a277=MISSING	基线树全仓无引用（git grep -F 计 0 命中，见 known-issues 文档「判据与对照」）	archive-pointer-old-process
docs/sessions/261004-sdk-time-contract/reviews/auto-budget-review1-verdict.md	MISSING_AT_BASE	refs/heads/card/sdk-auto-budget-review1-261004@6d7f6f9593dc88c601c2a3fccd9e3eaf4bdc3a7c=MISSING	基线树全仓无引用（git grep -F 计 0 命中，见 known-issues 文档「判据与对照」）	archive-pointer-old-process
docs/sessions/261004-sdk-time-contract/reviews/auto-budget-review2-verdict.md	MISSING_AT_BASE	refs/heads/card/sdk-auto-budget-review2-261004@9f41b16b696b461ac78a2fcaad1657783aff6871=MISSING	基线树全仓无引用（git grep -F 计 0 命中，见 known-issues 文档「判据与对照」）	archive-pointer-old-process
docs/sessions/261004-sdk-time-contract/reviews/independent-review1-verdict.md	MISSING_AT_BASE	refs/heads/card/sdk-time-contract-review1-261004@b74c7de53b75bd711f63eb840f8cb05aad8ae49b=MISSING	基线树全仓无引用（git grep -F 计 0 命中，见 known-issues 文档「判据与对照」）	archive-pointer-old-process
docs/sessions/261004-sdk-time-contract/reviews/independent-review2-verdict.md	MISSING_AT_BASE	refs/heads/card/sdk-time-contract-review2-261004@70d05e5883933390818f9e672fe6850e48210cb7=MISSING	基线树全仓无引用（git grep -F 计 0 命中，见 known-issues 文档「判据与对照」）	archive-pointer-old-process
docs/sessions/261004-sdk65/postmerge-verification.md	MISSING_AT_BASE	refs/reclaimed/20261004/card/sdk65-postmerge-261004@c73fbed789adc208ff19fac408c52a7a9e93d711=MISSING refs/reclaimed/20261004/card/sdk65-postmerge-261004.untracked@95ef485c578d3bfcc7792dcdca20c5f2eddbd4ef=MISSING	基线树全仓无引用（git grep -F 计 0 命中，见 known-issues 文档「判据与对照」）	archive-pointer-old-process
docs/sessions/261004-sdk65/reviews/independent-review1-verdict.md	EXISTS_AT_BASE(cbc674f7950a)	refs/reclaimed/20261004/card/sdk65-review1-261004@b6ff415aa086905b32b67e01dce07527d5e3cd25=EXISTS_SAME_BLOB	内容已逐 blob 存在于基线树；同 blob 只证明内容在底座，不证明具体合并方式	content-in-baseline-no-action
docs/sessions/261004-sdk65/reviews/independent-review2-verdict.md	EXISTS_AT_BASE(3229a48dbe2c)	refs/reclaimed/20261004/card/sdk65-review2-261004@8d3c92afcfc6ecdd7c32d1f57e8020e67ecea7d6=EXISTS_DIFF_BLOB refs/reclaimed/20261004/card/sdk65-review2-261004.untracked@b461da787ee36bb5b5d09f93b3be99f7f8dabe9f=REF_NO_PATH	基线已有同路径的更新版本，历史版本内容与基线不同；不合并历史版本，只登记来源	superseded-in-baseline
docs/sessions/261006-issue-root-fixes/design.md	MISSING_AT_BASE	refs/heads/card/caps-issues-design-261006@8e93f7e49b07c8a25d199d0942dd7145b48f339b=MISSING	锁定设计源 SHA 8e93f7e4；由卡 A 的 PR 交付，本卡只读不复制	in-flight-other-card
docs/sessions/261006-issue-root-fixes/progress/design-preflight-progress.md	MISSING_AT_BASE	refs/heads/card/caps-issues-design-261006@8e93f7e49b07c8a25d199d0942dd7145b48f339b=MISSING	卡 A 进度存档，随设计 PR 交付	in-flight-other-card
docs/sessions/261006-m7-finalization/design.md	MISSING_AT_BASE	refs/heads/card/caps-m7-preflight-plan-261006-285aff49@8efed874790debc91987d6cbeedb96f78b917aee=MISSING	M7 收尾卡在途产物，不属 #81 范围	in-flight-other-card
docs/sessions/261006-m7-finalization/progress/preflight-plan-progress.md	MISSING_AT_BASE	refs/heads/card/caps-m7-preflight-plan-261006-285aff49@8efed874790debc91987d6cbeedb96f78b917aee=MISSING	M7 收尾卡在途产物，不属 #81 范围	in-flight-other-card
docs/testing.md	MISSING_AT_BASE	refs/heads/card/public-quality-260926@44690dbb1def6ea8a5e679fea16388c6394f8f89=MISSING refs/reclaimed/20261003/card/public-quality-260926@44690dbb1def6ea8a5e679fea16388c6394f8f89=MISSING refs/reclaimed/20261003/card/public-quality-260926.untracked@503fee62bfdd278bf865fd4e30359d42a13ed78d=MISSING	旧路径；基线同主题文档为 docs/development/testing.md，本卡只订正后者的 CI 描述	superseded-path-registered
logs/proxy_latest.log	MISSING_AT_BASE	refs/reclaimed/20260922/card/CapsWriter-Offline-with-AI-20260922-01.untracked@c8e005d1dd11216d5f43df7200cb7e589388126e=MISSING refs/reclaimed/20260926/card/CapsWriter-Offline-with-AI-20260926-02.untracked@60ec3f07a6b0a36f72ae538ed2f8378ff160fe5d=MISSING refs/reclaimed/20260926/card/CapsWriter-Offline-with-AI-20260926-04.untracked@37b6a2695207386200cb9c629fa88e6b87be60fe=MISSING refs/reclaimed/20260926/card/CapsWriter-Offline-with-AI-20260926-05.untracked@db7751fa88adaf74a1edc240efb619d7bb9b5294=MISSING refs/reclaimed/20260926/card/CapsWriter-Offline-with-AI-20260926-06.untracked@fda9cf2ffbe342c8822ee10447a28761cd03fa45=MISSING refs/reclaimed/20260926/card/CapsWriter-Offline-with-AI-20260926-07.untracked@04c07ba5bf0833fceb9ae4d536b2171344f415c1=MISSING refs/reclaimed/20260926/card/CapsWriter-Offline-with-AI-20260926-08.untracked@44edc001c54961a42a8169bf68bcb35daa946836=MISSING refs/reclaimed/20260926/card/CapsWriter-Offline-with-AI-20260926-10.untracked@94596f1ab94abe7c435234b08965ccfcf8ff447d=MISSING refs/reclaimed/20260926/card/CapsWriter-Offline-with-AI-20260926-11.untracked@7567d83f10e0d7fcde09887d43075dc5b4d13d0f=MISSING refs/reclaimed/20260926/card/CapsWriter-Offline-with-AI-20260926-13.untracked@dbbfe87ca28b8ee3df6278f34dc5aa89bf757a83=MISSING refs/reclaimed/20260926/card/CapsWriter-Offline-with-AI-20260926-14.untracked@724a1a1437824694e8e27ef6fe915ecd41e8d7d2=MISSING refs/reclaimed/20260926/card/CapsWriter-Offline-with-AI-20260926-15.untracked@35b76df2e10be3e93e7a5b5acd01930b522e7ded=MISSING refs/reclaimed/20260926/card/CapsWriter-Offline-with-AI-20260926-16.untracked@85a2e6b9f5b3d3b6dc525f87c4cef9e3d731d511=MISSING refs/reclaimed/20260926/card/CapsWriter-Offline-with-AI-20260926-17.untracked@587926bce31ac104c14cc696263c7fb1a087ff4a=MISSING refs/reclaimed/20260926/card/CapsWriter-Offline-with-AI-20260926-18.untracked@428d3a866c532d119ef01375f756de19205eebac=MISSING refs/reclaimed/20260926/card/CapsWriter-Offline-with-AI-20260926-19.untracked@b8c11953308e79d07026afb6088dc7e44953fc8c=MISSING refs/reclaimed/20260926/card/CapsWriter-Offline-with-AI-20260926-20.untracked@c18549394a9c82eceeabc7416e902537c5ad0002=MISSING refs/reclaimed/20260926/card/CapsWriter-Offline-with-AI-20260926-21.untracked@7b4ecd0ee43f0d1a089653918f00fc377491797a=MISSING refs/reclaimed/20260926/feat/docs-sdk-260926.untracked@67c2f457095676067c0569c300f021a7189d3a39=MISSING refs/reclaimed/20260927/card/CapsWriter-Offline-with-AI-20260926-01.untracked@4c7bd5edf32cbc0e5b532cfa2f92b89a89fd296e=MISSING refs/reclaimed/20260927/card/CapsWriter-Offline-with-AI-20260926-03.untracked@3ed406a2025e546a0efa8ed3bfa2a38f6a420ce3=MISSING refs/reclaimed/20260927/card/CapsWriter-Offline-with-AI-20260926-09.untracked@ee3af7a59cf3403a4b61bedcf547c8e890b790bb=MISSING refs/reclaimed/20260927/card/CapsWriter-Offline-with-AI-20260926-12.untracked@8ae4478c907abf325d938e0c89cae7312be1b353=MISSING refs/reclaimed/20260927/card/docs-layout-260926.untracked@c497ce4673b0051b5511341268b5dcaf330c8997=MISSING refs/reclaimed/20260927/feat/sanitize-personal-260927.untracked@57e696d4222c1af682e0e2a3c53f13359d586c71=MISSING refs/reclaimed/20260930/feat/public-env-ignore-260930.untracked@a67d6fc8b6d30d16f85dd5b625f342d6bc164fc1=MISSING refs/reclaimed/20261001/card/CapsWriter-Offline-with-AI-261001-samples-total.untracked@0eb3ddc90bdf2c9537c9e106e52c689a08216c0f=MISSING refs/reclaimed/20261001/card/http-e1-owner-261001.untracked@60a9afe519d88a4cd8c6df45d3dbe6b151571eec=MISSING refs/reclaimed/20261001/card/http-e2-prereq-deps-261001.untracked@8da0a7c953c307c15a1f2bfa91940b998dac5d10=MISSING refs/reclaimed/20261001/card/http-e5-sdk-261001.untracked@80c50c4a94cdf4ab1c59b857bce69d16b4d89117=MISSING refs/reclaimed/20261001/card/token-final-contract-261001.untracked@048beac8f01f8f1035c8ca550df71a18b520f71e=MISSING refs/reclaimed/20261002/card/http-e2-params-prereq-261001.untracked@22528470223cb5207951ee1e24f249778216f470=MISSING refs/reclaimed/20261002/card/http-e2-upload-261001.untracked@8c84b6653075bfbaeb8fb8d5277de391fca996f0=MISSING refs/reclaimed/20261002/card/sdk-ffmpeg-pipe-flake-261002.untracked@7967b94d86362d5e7d28ca576dce5837283098e7=MISSING refs/reclaimed/20261003/card/CapsWriter-Offline-with-AI-261003-deadline.untracked@a0949a0a804d8dee20f9adfd9fd0ad4a23c2b55e=MISSING refs/reclaimed/20261003/card/CapsWriter-Offline-with-AI-261003-trackmap.untracked@fa64d9c806e27067d14eaa3bf5c71fb222defb22=MISSING refs/reclaimed/20261003/card/http-e3-runner-261002.untracked@54e57ce6184b744f45f9d0f55d3ee3cbbf021b38=MISSING refs/reclaimed/20261003/card/http-m3-fix55-261003.untracked@3045e9a8fd051eec052851a1b55cd51d60c879e6=MISSING refs/reclaimed/20261003/card/http-m4-c1-capacity-261003.untracked@b415bd7a396e4a71705808efb1823b367ead358a=MISSING refs/reclaimed/20261003/card/http-m4-c1-review2-261003.untracked@251be8a33740e9e0223a6c4ff2f0a1ae1e602b16=MISSING refs/reclaimed/20261003/card/http-r7-budget-261003.untracked@12d420a30a81e3a4b61b7956bf295e16d5a00ef4=MISSING refs/reclaimed/20261003/card/public-quality-260926.untracked@503fee62bfdd278bf865fd4e30359d42a13ed78d=MISSING refs/reclaimed/20261003/detached/CapsWriter-Offline-with-AI/wt-collect-d453-b3caea.untracked@b079c16783edde4326ab0c3f52ed1e21cdf58bcd=MISSING refs/reclaimed/20261004/card/http-c2-fresh-review3-261004.untracked@f635f8f0164de13283c0d759603126d9b1ad33d4=MISSING refs/reclaimed/20261004/card/http-fix55-accept-261003.untracked@a7b5aebcc82dc87279cbc87f177386d322177246=MISSING refs/reclaimed/20261004/card/http-m4-c2-fixed-review2-261004.untracked@38d286f1f73ef3d9c6bef1522f8f0c5df4e86db1=MISSING refs/reclaimed/20261004/card/http-m4-c2-review2-261003.untracked@e1be13a8b4d1e8dda4ef0b2b0da4ffe62794ecad=MISSING refs/reclaimed/20261004/card/http-m6-review2-261004.untracked@c1b1834937cc4331b64e55c44155bae4180afd63=MISSING refs/reclaimed/20261004/card/http-m7-review2-261004.untracked@e4cf16eb9f7c5c498bd06e4ea3a6ff2e199c2898=MISSING refs/reclaimed/20261004/card/sdk-auto-budget-261004.untracked@13b43730196e3d0a187c0be83249e091e9266b0c=MISSING refs/reclaimed/20261004/card/sdk-time-contract-261004.untracked@86820e65fdff63ee485413c99e257c59057c6148=MISSING refs/reclaimed/20261004/card/sdk65-postmerge-261004.untracked@95ef485c578d3bfcc7792dcdca20c5f2eddbd4ef=MISSING refs/reclaimed/20261004/card/sdk65-rootcause-261004.untracked@9ed406694001220987c48337b15dccc6941d5bcc=MISSING refs/reclaimed/20261004/feat/lead-probe-r7.untracked@68110728717be4d50444a2d04f64716a052c493d=MISSING refs/reclaimed/20261005/card/http-c2-current-main-funnel-261005.untracked@35fba69f637e10ef6db202fbb66a3616689c9fa6=MISSING refs/reclaimed/20261005/card/http-c2-merged-acceptance-261005.untracked@e1ff5bafa66d4aba6570564a53f3e8591d4af7b5=MISSING refs/reclaimed/20261005/card/http-fatal-probe-budget-reduction-261005.untracked@30a90cd69e58d2a2314ea790d2c5619a01922f85=MISSING refs/reclaimed/20261005/card/http-fatal-probe-contract-fix-261005.untracked@e0f53b8c8764c45460b55beb2e90653299f29d9c=MISSING refs/reclaimed/20261005/card/http-m4-c2-cleanup-261003.untracked@1e7e91b5e72c9274ca6cc2a715d2c90b9a59c590=MISSING refs/reclaimed/20261005/card/http-m4-c2-fatal-exit-v2-261003.untracked@1e83c5798f264b9b3aea23cd26530dc3733c1a7b=MISSING refs/reclaimed/20261005/card/http-m6-current-main-funnel-261005.untracked@b852b5b81927258e01767111d84d30f66037e119=MISSING refs/reclaimed/20261005/card/http-m6-merged-acceptance-261005.untracked@0b03145b921d574012b1218effbd2a0794c3e71f=MISSING refs/reclaimed/20261005/card/http-m6-qa-261003.untracked@d0e4b221f172a12ce21811a6a65dbd6448c7d40b=MISSING refs/reclaimed/20261005/card/http-m7-baseline-tool-261003.untracked@181c0a757fdb4210fefb263f3f2b28e715da9d81=MISSING refs/reclaimed/20261005/card/http-m7-current-main-funnel-261005.untracked@3d0097bb4887d6ad495c22c626a06992d3b2c568=MISSING refs/reclaimed/20261005/card/http-m7-final-three-platform-261005.untracked@8eefd82be118be00432aac7087bbd089f7e2161f=MISSING refs/reclaimed/20261006/card/http-m6-five-round-matrix-261005.untracked@94dd446801f61d6a18314101baec59f09491c7a7=MISSING refs/reclaimed/20261006/card/http-m6-retained-suite-evidence-261005.untracked@5bcb2acb0039c92c6f0e8a0782317f438d4347d9=MISSING	运行日志快照，含本机噪声；无当前消费者，只记来源	excluded-content-not-copied
logs/server_latest.log	MISSING_AT_BASE	refs/reclaimed/20260922/card/CapsWriter-Offline-with-AI-20260922-01.untracked@c8e005d1dd11216d5f43df7200cb7e589388126e=MISSING refs/reclaimed/20260926/card/CapsWriter-Offline-with-AI-20260926-02.untracked@60ec3f07a6b0a36f72ae538ed2f8378ff160fe5d=MISSING refs/reclaimed/20260926/card/CapsWriter-Offline-with-AI-20260926-04.untracked@37b6a2695207386200cb9c629fa88e6b87be60fe=MISSING refs/reclaimed/20260926/card/CapsWriter-Offline-with-AI-20260926-05.untracked@db7751fa88adaf74a1edc240efb619d7bb9b5294=MISSING refs/reclaimed/20260926/card/CapsWriter-Offline-with-AI-20260926-06.untracked@fda9cf2ffbe342c8822ee10447a28761cd03fa45=MISSING refs/reclaimed/20260926/card/CapsWriter-Offline-with-AI-20260926-07.untracked@04c07ba5bf0833fceb9ae4d536b2171344f415c1=MISSING refs/reclaimed/20260926/card/CapsWriter-Offline-with-AI-20260926-08.untracked@44edc001c54961a42a8169bf68bcb35daa946836=MISSING refs/reclaimed/20260926/card/CapsWriter-Offline-with-AI-20260926-10.untracked@94596f1ab94abe7c435234b08965ccfcf8ff447d=MISSING refs/reclaimed/20260926/card/CapsWriter-Offline-with-AI-20260926-11.untracked@7567d83f10e0d7fcde09887d43075dc5b4d13d0f=MISSING refs/reclaimed/20260926/card/CapsWriter-Offline-with-AI-20260926-13.untracked@dbbfe87ca28b8ee3df6278f34dc5aa89bf757a83=MISSING refs/reclaimed/20260926/card/CapsWriter-Offline-with-AI-20260926-14.untracked@724a1a1437824694e8e27ef6fe915ecd41e8d7d2=MISSING refs/reclaimed/20260926/card/CapsWriter-Offline-with-AI-20260926-15.untracked@35b76df2e10be3e93e7a5b5acd01930b522e7ded=MISSING refs/reclaimed/20260926/card/CapsWriter-Offline-with-AI-20260926-16.untracked@85a2e6b9f5b3d3b6dc525f87c4cef9e3d731d511=MISSING refs/reclaimed/20260926/card/CapsWriter-Offline-with-AI-20260926-17.untracked@587926bce31ac104c14cc696263c7fb1a087ff4a=MISSING refs/reclaimed/20260926/card/CapsWriter-Offline-with-AI-20260926-18.untracked@428d3a866c532d119ef01375f756de19205eebac=MISSING refs/reclaimed/20260926/card/CapsWriter-Offline-with-AI-20260926-19.untracked@b8c11953308e79d07026afb6088dc7e44953fc8c=MISSING refs/reclaimed/20260926/card/CapsWriter-Offline-with-AI-20260926-20.untracked@c18549394a9c82eceeabc7416e902537c5ad0002=MISSING refs/reclaimed/20260926/card/CapsWriter-Offline-with-AI-20260926-21.untracked@7b4ecd0ee43f0d1a089653918f00fc377491797a=MISSING refs/reclaimed/20260926/feat/docs-sdk-260926.untracked@67c2f457095676067c0569c300f021a7189d3a39=MISSING refs/reclaimed/20260927/card/CapsWriter-Offline-with-AI-20260926-01.untracked@4c7bd5edf32cbc0e5b532cfa2f92b89a89fd296e=MISSING refs/reclaimed/20260927/card/CapsWriter-Offline-with-AI-20260926-03.untracked@3ed406a2025e546a0efa8ed3bfa2a38f6a420ce3=MISSING refs/reclaimed/20260927/card/CapsWriter-Offline-with-AI-20260926-09.untracked@ee3af7a59cf3403a4b61bedcf547c8e890b790bb=MISSING refs/reclaimed/20260927/card/CapsWriter-Offline-with-AI-20260926-12.untracked@8ae4478c907abf325d938e0c89cae7312be1b353=MISSING refs/reclaimed/20260927/card/docs-layout-260926.untracked@c497ce4673b0051b5511341268b5dcaf330c8997=MISSING refs/reclaimed/20260927/feat/sanitize-personal-260927.untracked@57e696d4222c1af682e0e2a3c53f13359d586c71=MISSING refs/reclaimed/20260930/feat/public-env-ignore-260930.untracked@a67d6fc8b6d30d16f85dd5b625f342d6bc164fc1=MISSING refs/reclaimed/20261001/card/CapsWriter-Offline-with-AI-261001-samples-total.untracked@0eb3ddc90bdf2c9537c9e106e52c689a08216c0f=MISSING refs/reclaimed/20261001/card/http-e1-owner-261001.untracked@60a9afe519d88a4cd8c6df45d3dbe6b151571eec=MISSING refs/reclaimed/20261001/card/http-e2-prereq-deps-261001.untracked@8da0a7c953c307c15a1f2bfa91940b998dac5d10=MISSING refs/reclaimed/20261001/card/http-e5-sdk-261001.untracked@80c50c4a94cdf4ab1c59b857bce69d16b4d89117=MISSING refs/reclaimed/20261001/card/token-contract-review-c-261001.untracked@faac10576155c2736ace603a6f51fe173de10f40=MISSING refs/reclaimed/20261001/card/token-final-contract-261001.untracked@048beac8f01f8f1035c8ca550df71a18b520f71e=MISSING refs/reclaimed/20261002/card/http-e2-params-prereq-261001.untracked@22528470223cb5207951ee1e24f249778216f470=MISSING refs/reclaimed/20261002/card/http-e2-upload-261001.untracked@8c84b6653075bfbaeb8fb8d5277de391fca996f0=MISSING refs/reclaimed/20261002/card/sdk-ffmpeg-pipe-flake-261002.untracked@7967b94d86362d5e7d28ca576dce5837283098e7=MISSING refs/reclaimed/20261003/card/CapsWriter-Offline-with-AI-261003-deadline.untracked@a0949a0a804d8dee20f9adfd9fd0ad4a23c2b55e=MISSING refs/reclaimed/20261003/card/CapsWriter-Offline-with-AI-261003-trackmap.untracked@fa64d9c806e27067d14eaa3bf5c71fb222defb22=MISSING refs/reclaimed/20261003/card/http-e3-runner-261002.untracked@54e57ce6184b744f45f9d0f55d3ee3cbbf021b38=MISSING refs/reclaimed/20261003/card/http-m3-fix55-261003.untracked@3045e9a8fd051eec052851a1b55cd51d60c879e6=MISSING refs/reclaimed/20261003/card/http-m4-c1-capacity-261003.untracked@b415bd7a396e4a71705808efb1823b367ead358a=MISSING refs/reclaimed/20261003/card/http-m4-c1-review1-261003.untracked@70f82e2102981e27dd8a90709a7ea34cb715901a=MISSING refs/reclaimed/20261003/card/http-m4-c1-review2-261003.untracked@251be8a33740e9e0223a6c4ff2f0a1ae1e602b16=MISSING refs/reclaimed/20261003/card/http-r7-budget-261003.untracked@12d420a30a81e3a4b61b7956bf295e16d5a00ef4=MISSING refs/reclaimed/20261003/card/public-quality-260926.untracked@503fee62bfdd278bf865fd4e30359d42a13ed78d=MISSING refs/reclaimed/20261003/detached/CapsWriter-Offline-with-AI/wt-collect-d453-b3caea.untracked@b079c16783edde4326ab0c3f52ed1e21cdf58bcd=MISSING refs/reclaimed/20261004/card/http-c2-fresh-review3-261004.untracked@f635f8f0164de13283c0d759603126d9b1ad33d4=MISSING refs/reclaimed/20261004/card/http-fix55-accept-261003.untracked@a7b5aebcc82dc87279cbc87f177386d322177246=MISSING refs/reclaimed/20261004/card/http-m4-c2-fixed-review2-261004.untracked@38d286f1f73ef3d9c6bef1522f8f0c5df4e86db1=MISSING refs/reclaimed/20261004/card/http-m4-c2-review1-261003.untracked@380cc7a9105417b2d422260a4af4220e63c2af00=MISSING refs/reclaimed/20261004/card/http-m4-c2-review2-261003.untracked@e1be13a8b4d1e8dda4ef0b2b0da4ffe62794ecad=MISSING refs/reclaimed/20261004/card/http-m4-c2-review2-r2-261003.untracked@7175ffe130ff664e8de43009db0c3032a5bc140b=MISSING refs/reclaimed/20261004/card/http-m6-review1-261003.untracked@cdcceedccc717e79efe6b7bf0ea5cfd7bfc28ade=MISSING refs/reclaimed/20261004/card/http-m6-review2-261004.untracked@c1b1834937cc4331b64e55c44155bae4180afd63=MISSING refs/reclaimed/20261004/card/http-m7-review2-261004.untracked@e4cf16eb9f7c5c498bd06e4ea3a6ff2e199c2898=MISSING refs/reclaimed/20261004/card/sdk-auto-budget-261004.untracked@13b43730196e3d0a187c0be83249e091e9266b0c=MISSING refs/reclaimed/20261004/card/sdk-time-contract-261004.untracked@86820e65fdff63ee485413c99e257c59057c6148=MISSING refs/reclaimed/20261004/card/sdk65-postmerge-261004.untracked@95ef485c578d3bfcc7792dcdca20c5f2eddbd4ef=MISSING refs/reclaimed/20261004/card/sdk65-rootcause-261004.untracked@9ed406694001220987c48337b15dccc6941d5bcc=MISSING refs/reclaimed/20261004/feat/lead-probe-r7.untracked@68110728717be4d50444a2d04f64716a052c493d=MISSING refs/reclaimed/20261005/card/ffmpeg-mandatory-lock-261005.untracked@a0735fc9bd75b26d63ca87ee275f0a31ec058f6e=MISSING refs/reclaimed/20261005/card/http-c2-current-main-funnel-261005.untracked@35fba69f637e10ef6db202fbb66a3616689c9fa6=MISSING refs/reclaimed/20261005/card/http-c2-merged-acceptance-261005.untracked@e1ff5bafa66d4aba6570564a53f3e8591d4af7b5=MISSING refs/reclaimed/20261005/card/http-fatal-probe-budget-reduction-261005.untracked@30a90cd69e58d2a2314ea790d2c5619a01922f85=MISSING refs/reclaimed/20261005/card/http-fatal-probe-contract-fix-261005.untracked@e0f53b8c8764c45460b55beb2e90653299f29d9c=MISSING refs/reclaimed/20261005/card/http-fatal-probe-final-review-261005.untracked@222d8df075f34bf98e000029d970fe1db1d6bdd5=MISSING refs/reclaimed/20261005/card/http-fatal-probe-review-261005.untracked@741ae9641ab2ba2f517eaf851c2506ae5840eec2=MISSING refs/reclaimed/20261005/card/http-m4-c2-cleanup-261003.untracked@1e7e91b5e72c9274ca6cc2a715d2c90b9a59c590=MISSING refs/reclaimed/20261005/card/http-m4-c2-fatal-exit-v2-261003.untracked@1e83c5798f264b9b3aea23cd26530dc3733c1a7b=MISSING refs/reclaimed/20261005/card/http-m6-current-main-funnel-261005.untracked@b852b5b81927258e01767111d84d30f66037e119=MISSING refs/reclaimed/20261005/card/http-m6-merged-acceptance-261005.untracked@0b03145b921d574012b1218effbd2a0794c3e71f=MISSING refs/reclaimed/20261005/card/http-m6-qa-261003.untracked@d0e4b221f172a12ce21811a6a65dbd6448c7d40b=MISSING refs/reclaimed/20261005/card/http-m7-baseline-tool-261003.untracked@181c0a757fdb4210fefb263f3f2b28e715da9d81=MISSING refs/reclaimed/20261005/card/http-m7-current-main-funnel-261005.untracked@3d0097bb4887d6ad495c22c626a06992d3b2c568=MISSING refs/reclaimed/20261005/card/http-m7-final-three-platform-261005.untracked@8eefd82be118be00432aac7087bbd089f7e2161f=MISSING refs/reclaimed/20261005/card/http-pr62-canonical-risk-261005.untracked@10f914c3b5f6b7085fd5d889c1084897876f07ba=MISSING refs/reclaimed/20261005/card/issue57-design-evidence-261005.untracked@10d8d6d3e65c01246801ae1debb71ea31bdad761=MISSING refs/reclaimed/20261006/card/http-m6-bare-receipt-closeout-261005.untracked@d9d4f08967c9b343a169076141a8f5300e3cbe6c=MISSING refs/reclaimed/20261006/card/http-m6-five-round-matrix-261005.untracked@94dd446801f61d6a18314101baec59f09491c7a7=MISSING refs/reclaimed/20261006/card/http-m6-retained-suite-evidence-261005.untracked@5bcb2acb0039c92c6f0e8a0782317f438d4347d9=MISSING	运行日志快照，含本机噪声；无当前消费者，只记来源	excluded-content-not-copied
logs/server_latest.log.1	MISSING_AT_BASE	refs/reclaimed/20261003/card/http-e3-runner-261002.untracked@54e57ce6184b744f45f9d0f55d3ee3cbbf021b38=MISSING	运行日志快照，含本机噪声；无当前消费者，只记来源	excluded-content-not-copied
logs/server_latest.log.2	MISSING_AT_BASE	refs/reclaimed/20261003/card/http-e3-runner-261002.untracked@54e57ce6184b744f45f9d0f55d3ee3cbbf021b38=MISSING	运行日志快照，含本机噪声；无当前消费者，只记来源	excluded-content-not-copied
logs/server_latest.log.3	MISSING_AT_BASE	refs/reclaimed/20261003/card/http-e3-runner-261002.untracked@54e57ce6184b744f45f9d0f55d3ee3cbbf021b38=MISSING	运行日志快照，含本机噪声；无当前消费者，只记来源	excluded-content-not-copied
memory/INDEX.md	MISSING_AT_BASE	refs/reclaimed/20260927/feat/sanitize-personal-260927.untracked@57e696d4222c1af682e0e2a3c53f13359d586c71=MISSING	仓专属私有记忆；禁止复制进公开仓，只记来源	excluded-content-not-copied
memory/capswriter-asr-deployment.md	MISSING_AT_BASE	refs/reclaimed/20260927/feat/sanitize-personal-260927.untracked@57e696d4222c1af682e0e2a3c53f13359d586c71=MISSING	仓专属私有记忆；禁止复制进公开仓，只记来源	excluded-content-not-copied
memory/capswriter-internal-review-pipeline.md	MISSING_AT_BASE	refs/reclaimed/20260927/feat/sanitize-personal-260927.untracked@57e696d4222c1af682e0e2a3c53f13359d586c71=MISSING	仓专属私有记忆；禁止复制进公开仓，只记来源	excluded-content-not-copied
memory/user-multi-device-setup.md	MISSING_AT_BASE	refs/reclaimed/20260927/feat/sanitize-personal-260927.untracked@57e696d4222c1af682e0e2a3c53f13359d586c71=MISSING	仓专属私有记忆；禁止复制进公开仓，只记来源	excluded-content-not-copied
pyproject.toml	MISSING_AT_BASE	refs/heads/card/public-quality-260926@44690dbb1def6ea8a5e679fea16388c6394f8f89=MISSING refs/reclaimed/20261003/card/public-quality-260926@44690dbb1def6ea8a5e679fea16388c6394f8f89=MISSING refs/reclaimed/20261003/card/public-quality-260926.untracked@503fee62bfdd278bf865fd4e30359d42a13ed78d=MISSING	根 pyproject 属旧开发 workspace；当前测试入口用 uv run --no-project 显式列依赖，不读根 pyproject	not-restored-scope-decided
retro/consult-log.jsonl	MISSING_AT_BASE	refs/reclaimed/20261003/card/public-quality-260926.untracked@503fee62bfdd278bf865fd4e30359d42a13ed78d=MISSING	顾问会话日志快照；只记来源，不复制内容	excluded-content-not-copied
retro/consult/20260926-173743-codex.md	MISSING_AT_BASE	refs/reclaimed/20261003/card/public-quality-260926.untracked@503fee62bfdd278bf865fd4e30359d42a13ed78d=MISSING	顾问会话日志快照；只记来源，不复制内容	excluded-content-not-copied
scripts/gate-quality	MISSING_AT_BASE	refs/heads/card/public-quality-260926@44690dbb1def6ea8a5e679fea16388c6394f8f89=MISSING refs/reclaimed/20261003/card/public-quality-260926@44690dbb1def6ea8a5e679fea16388c6394f8f89=MISSING refs/reclaimed/20261003/card/public-quality-260926.untracked@503fee62bfdd278bf865fd4e30359d42a13ed78d=MISSING	基线无同路径、无同 blob；pr64-canonical-risk-verdict.md:17 记载「本仓无 scripts/gate-quality，gate-v2 quality 走 legacy，无 lint: 则跳过」；pytest 矩阵承担测试需求的一部分，旧固定 argv 契约无现行消费者证据	not-restored-scope-decided
sdk/capswriter_asr.egg-info/SOURCES.txt	MISSING_AT_BASE	refs/reclaimed/20260926/feat/docs-sdk-260926.untracked@67c2f457095676067c0569c300f021a7189d3a39=MISSING	构建产物 egg-info，由打包流程再生，无当前消费者	excluded-content-not-copied
sdk/capswriter_asr.egg-info/dependency_links.txt	MISSING_AT_BASE	refs/reclaimed/20260926/feat/docs-sdk-260926.untracked@67c2f457095676067c0569c300f021a7189d3a39=MISSING	构建产物 egg-info，由打包流程再生，无当前消费者	excluded-content-not-copied
sdk/capswriter_asr.egg-info/requires.txt	MISSING_AT_BASE	refs/reclaimed/20260926/feat/docs-sdk-260926.untracked@67c2f457095676067c0569c300f021a7189d3a39=MISSING	构建产物 egg-info，由打包流程再生，无当前消费者	excluded-content-not-copied
sdk/capswriter_asr.egg-info/top_level.txt	MISSING_AT_BASE	refs/reclaimed/20260926/feat/docs-sdk-260926.untracked@67c2f457095676067c0569c300f021a7189d3a39=MISSING	构建产物 egg-info，由打包流程再生，无当前消费者	excluded-content-not-copied
tests/test_e2e_sdk_server.py	EXISTS_AT_BASE(84d0a8b9f697)	refs/heads/backup/t11b-before-ownership-rebuild@4d770e3eb254c913653e398d162c32dba2fe49cf=EXISTS_SAME_BLOB	内容已逐 blob 存在于基线树；同 blob 只证明内容在底座，不证明具体合并方式	content-in-baseline-no-action
tests/test_error_codes_contract.py	EXISTS_AT_BASE(bdf003368c5d)	refs/heads/backup/t11b-before-ownership-rebuild@4d770e3eb254c913653e398d162c32dba2fe49cf=EXISTS_DIFF_BLOB	基线已有同路径的更新版本，历史版本内容与基线不同；不合并历史版本，只登记来源	superseded-in-baseline
tests/test_gate_quality.py	MISSING_AT_BASE	refs/heads/card/public-quality-260926@44690dbb1def6ea8a5e679fea16388c6394f8f89=MISSING refs/reclaimed/20261003/card/public-quality-260926@44690dbb1def6ea8a5e679fea16388c6394f8f89=MISSING refs/reclaimed/20261003/card/public-quality-260926.untracked@503fee62bfdd278bf865fd4e30359d42a13ed78d=MISSING	旧 gate-quality 完整测试入口；当前 ci.yml 的 pytest 矩阵覆盖其测试需求的一部分，旧入口的固定 argv/子进程契约无现行消费者证据	not-restored-scope-decided
tests/test_http_file_runner.py	EXISTS_AT_BASE(25e2eefbc2a9)	refs/heads/card/http-e3-record-261002@0b416fe64f756ab024ec960f2d5e9a8998d9a6aa=EXISTS_DIFF_BLOB refs/heads/card/http-e3-review-261002@f454103b3fb98614625c08b3271ca503a28469e2=EXISTS_DIFF_BLOB refs/heads/card/http-e3-review-f-261002@dff79bbd36d6364bcb5fc39521df4505169dd349=EXISTS_DIFF_BLOB refs/heads/card/http-e3-review-g-261002@d388e6be77d602af0f72e67d5e499a5b9768df37=EXISTS_DIFF_BLOB refs/reclaimed/20261003/card/http-e3-runner-261002@6e5b1e2eebc36a6b877396d4fe9dda39ef9651b1=EXISTS_SAME_BLOB refs/reclaimed/20261003/card/http-e3-runner-261002.untracked@54e57ce6184b744f45f9d0f55d3ee3cbbf021b38=REF_NO_PATH	基线已有同路径的更新版本，历史版本内容与基线不同；不合并历史版本，只登记来源	superseded-in-baseline
tests/test_http_release_invariant.py	EXISTS_AT_BASE(f29f1366d76a)	refs/heads/card/http-e3-review-g-261002@d388e6be77d602af0f72e67d5e499a5b9768df37=EXISTS_DIFF_BLOB refs/reclaimed/20261003/card/http-e3-runner-261002@6e5b1e2eebc36a6b877396d4fe9dda39ef9651b1=EXISTS_DIFF_BLOB refs/reclaimed/20261003/card/http-e3-runner-261002.untracked@54e57ce6184b744f45f9d0f55d3ee3cbbf021b38=REF_NO_PATH	基线已有同路径的更新版本，历史版本内容与基线不同；不合并历史版本，只登记来源	superseded-in-baseline
tests/test_protocol_v2.py	EXISTS_AT_BASE(501f75acdef0)	refs/heads/backup/t11b-before-ownership-rebuild@4d770e3eb254c913653e398d162c32dba2fe49cf=EXISTS_DIFF_BLOB	基线已有同路径的更新版本，历史版本内容与基线不同；不合并历史版本，只登记来源	superseded-in-baseline
tests/test_sdk_deadline_stage.py	EXISTS_AT_BASE(04826202c111)	refs/reclaimed/20261003/card/CapsWriter-Offline-with-AI-261003-deadline.reflog/65079e9a16dd@65079e9a16dd00a0d6285003622a8852e56e1846=EXISTS_DIFF_BLOB refs/reclaimed/20261003/card/CapsWriter-Offline-with-AI-261003-deadline.reflog/a32aa7844868@a32aa78448688d72a83185cf655928d9c463a494=EXISTS_DIFF_BLOB	基线已有同路径的更新版本，历史版本内容与基线不同；不合并历史版本，只登记来源	superseded-in-baseline
tests/test_ws_progress_watchdog.py	EXISTS_AT_BASE(14d4faa58959)	refs/heads/card/CapsWriter-Offline-with-AI-261005-fix@fa1459e8bc535fac38a480d9e11ae5209a166e05=EXISTS_SAME_BLOB	内容已逐 blob 存在于基线树；同 blob 只证明内容在底座，不证明具体合并方式	content-in-baseline-no-action
uv.lock	MISSING_AT_BASE	refs/heads/card/public-quality-260926@44690dbb1def6ea8a5e679fea16388c6394f8f89=MISSING refs/reclaimed/20261003/card/public-quality-260926@44690dbb1def6ea8a5e679fea16388c6394f8f89=MISSING refs/reclaimed/20261003/card/public-quality-260926.untracked@503fee62bfdd278bf865fd4e30359d42a13ed78d=MISSING	根 uv.lock 与根 pyproject 同属旧 workspace，--no-project 下不消费	not-restored-scope-decided
